file,ra,dec,grating,root,version,z_best,grade,cand_rank,sep_arcsec,eligible,secure_lowz,secure_highz
aurora-gdn01-v4_g140m-f100lp_1914_419697.spec.fits,150.14798892,2.21247462,G140M,aurora-gdn01-v4,0.9.5.dev2+g80b81b4,-1.0,,631,0.029315762728310626,False,False,False
aurora-gdn01-v4_g235m-f170lp_1914_419697.spec.fits,150.14798892,2.21247462,G235M,aurora-gdn01-v4,0.9.5.dev2+g80b81b4,-1.0,,631,0.029315762728310626,False,False,False
aurora-gdn01-v4_g395m-f290lp_1914_419697.spec.fits,150.14798892,2.21247462,G395M,aurora-gdn01-v4,0.9.5.dev2+g80b81b4,-1.0,,631,0.029315762728310626,False,False,False
aurora-gdn02-v4_g140m-f100lp_1914_506478.spec.fits,189.13525084,62.24466216,G140M,aurora-gdn02-v4,0.9.5.dev2+g80b81b4,6.721656,,1190,0.0472950694118301,False,False,False
aurora-gdn02-v4_g140m-f100lp_1914_511948.spec.fits,189.23378992,62.26396959,G140M,aurora-gdn02-v4,0.9.5.dev2+g80b81b4,-1.0,,732,0.018576019427975266,False,False,False
aurora-gdn02-v4_g235m-f170lp_1914_506478.spec.fits,189.13525084,62.24466216,G235M,aurora-gdn02-v4,0.9.5.dev2+g80b81b4,6.721656,3.0,1190,0.0472950694118301,False,False,True
aurora-gdn02-v4_g235m-f170lp_1914_511948.spec.fits,189.23378992,62.26396959,G235M,aurora-gdn02-v4,0.9.5.dev2+g80b81b4,-1.0,,732,0.018576019427975266,False,False,False
aurora-gdn02-v4_g395m-f290lp_1914_506478.spec.fits,189.13525084,62.24466216,G395M,aurora-gdn02-v4,0.9.5.dev2+g80b81b4,6.721656,3.0,1190,0.0472950694118301,False,False,True
aurora-gdn02-v4_g395m-f290lp_1914_511948.spec.fits,189.23378992,62.26396959,G395M,aurora-gdn02-v4,0.9.5.dev2+g80b81b4,-1.0,,732,0.018576019427975266,False,False,False
bluejay-south-v4_g140m-f100lp_1810_11247.spec.fits,150.08161579,2.29375541,G140M,bluejay-south-v4,0.9.5.dev2+g80b81b4,5.733410800000001,3.0,160,0.024135639805961364,False,False,True
bluejay-south-v4_g140m-f100lp_1810_12332.spec.fits,150.08162088,2.30425559,G140M,bluejay-south-v4,0.9.5.dev2+g80b81b4,1.7649769,3.0,838,0.4019021729790245,False,True,False
bluejay-south-v4_g235m-f170lp_1810_11247.spec.fits,150.08161579,2.29375541,G235M,bluejay-south-v4,0.9.5.dev2+g80b81b4,5.733410800000001,3.0,160,0.024135639805961364,False,False,True
bluejay-south-v4_g235m-f170lp_1810_12332.spec.fits,150.08162088,2.30425559,G235M,bluejay-south-v4,0.9.5.dev2+g80b81b4,1.7649769,3.0,838,0.4019021729790245,False,True,False
bluejay-south-v4_g395m-f290lp_1810_11247.spec.fits,150.08161579,2.29375541,G395M,bluejay-south-v4,0.9.5.dev2+g80b81b4,5.733410800000001,3.0,160,0.024135639805961364,False,False,True
bluejay-south-v4_g395m-f290lp_1810_12332.spec.fits,150.08162088,2.30425559,G395M,bluejay-south-v4,0.9.5.dev2+g80b81b4,1.7649769,3.0,838,0.4019021729790245,False,True,False
capers-cos04-v4_prism-clear_6368_40876.spec.fits,150.141955,2.265092,PRISM,capers-cos04-v4,0.9.5.dev8+ge2b237b,2.20457,3.0,651,0.03843897428877806,False,True,False
capers-cos10-v4_prism-clear_6368_32172.spec.fits,150.1698407,2.3089243,PRISM,capers-cos10-v4,0.9.5.dev8+ge2b237b,0.26475,3.0,702,0.03164571965847426,False,True,False
capers-cos13-v4_prism-clear_6368_161682.spec.fits,150.1130888,2.3968678,PRISM,capers-cos13-v4,0.9.5.dev8+ge2b237b,5.12193,2.0,907,0.14727211543756136,False,False,False
capers-cos16-v4_prism-clear_6368_153767.spec.fits,150.1801443,2.3788553,PRISM,capers-cos16-v4,0.9.5.dev8+ge2b237b,-1.0,1.0,1005,0.004967156390317899,False,False,False
capers-egs49-v4_prism-clear_6368_21120.spec.fits,214.9623628,52.870038,PRISM,capers-egs49-v4,0.9.5.dev8+ge2b237b,2.94393,3.0,900,0.005234900360931565,False,True,False
capers-egs49-v4_prism-clear_6368_8485.spec.fits,214.9224904,52.9153212,PRISM,capers-egs49-v4,0.9.5.dev8+ge2b237b,2.94235,3.0,408,0.011757802343132083,False,True,False
capers-udsp1-v4_prism-clear_6368_23216.spec.fits,34.50997692,-5.18937824,PRISM,capers-udsp1-v4,0.9.5.dev2+g80b81b4,2.2957268,3.0,615,0.061094742160685195,False,True,False
ceers-v4_g140m-f100lp_1345_407.spec.fits,214.839316,52.882565,G140M,ceers-v4,0.9.5.dev2+g80b81b4,7.0231981333333335,3.0,256,0.04973609194091677,False,False,True
ceers-v4_g140m-f100lp_1345_428.spec.fits,214.824551,52.868856,G140M,ceers-v4,0.9.5.dev2+g80b81b4,6.100539346293438,3.0,162,0.024180392664056246,False,False,True
ceers-v4_g235m-f170lp_1345_407.spec.fits,214.839316,52.882565,G235M,ceers-v4,0.9.5.dev2+g80b81b4,7.0231981333333335,3.0,256,0.04973609194091677,False,False,True
ceers-v4_g235m-f170lp_1345_428.spec.fits,214.824551,52.868856,G235M,ceers-v4,0.9.5.dev2+g80b81b4,6.100539346293438,3.0,162,0.024180392664056246,False,False,True
ceers-v4_g395m-f290lp_1345_407.spec.fits,214.839316,52.882565,G395M,ceers-v4,0.9.5.dev2+g80b81b4,7.0231981333333335,3.0,256,0.04973609194091677,False,False,True
ceers-v4_g395m-f290lp_1345_428.spec.fits,214.824551,52.868856,G395M,ceers-v4,0.9.5.dev2+g80b81b4,6.100539346293438,3.0,162,0.024180392664056246,False,False,True
cosmos-curti-v4_g140m-f100lp_1879_23412.spec.fits,150.1048495,2.23897393,G140M,cosmos-curti-v4,0.9.5.dev2+g80b81b4,2.71201,2.0,38,0.24197547941434056,False,False,False
cosmos-curti-v4_g235h-f170lp_1879_23412.spec.fits,150.1048495,2.23897393,G235H,cosmos-curti-v4,0.9.5.dev2+g80b81b4,2.71201,,38,0.24197547941434056,False,False,False
cosmos-curti-v4_g235m-f170lp_1879_23412.spec.fits,150.1048495,2.23897393,G235M,cosmos-curti-v4,0.9.5.dev2+g80b81b4,2.71201,3.0,38,0.24197547941434056,False,True,False
egs-mason-v4_g140h-f100lp_4287_49920.spec.fits,214.998742,52.855266,G140H,egs-mason-v4,0.9.5.dev8+ge2b237b,-1.0,,727,0.40586882744779035,False,False,False
egs-mason-v4_g140h-f100lp_4287_56565.spec.fits,214.9895934,52.8665541,G140H,egs-mason-v4,0.9.5.dev8+ge2b237b,8.27857,,272,0.037738430575068906,False,False,False
egs-mason-v4_g140h-f100lp_4287_92570.spec.fits,214.90875041,52.9241646,G140H,egs-mason-v4,0.9.5.dev8+ge2b237b,6.820664099999999,3.0,524,0.042872712802043675,False,False,True
egs-mason-v4_g395m-f290lp_4287_56565.spec.fits,214.9895934,52.8665541,G395M,egs-mason-v4,0.9.5.dev8+ge2b237b,8.27857,3.0,272,0.037738430575068906,False,False,True
egs-mason-v4_g395m-f290lp_4287_92570.spec.fits,214.90875041,52.9241646,G395M,egs-mason-v4,0.9.5.dev8+ge2b237b,6.820664099999999,3.0,524,0.042872712802043675,False,False,True
excels-uds01-v4_g395m-f290lp_3543_119809.spec.fits,34.39888348,-5.13397193,G395M,excels-uds01-v4,0.9.4.dev7+g92b1aa6,7.88689,3.0,76,0.059130004636592,False,False,True
excels-uds01-v4_g395m-f290lp_3543_97592.spec.fits,34.35536364,-5.16716319,G395M,excels-uds01-v4,0.9.4.dev7+g92b1aa6,7.75157,3.0,747,0.11384965795975954,False,False,True
excels-uds02-v4_g140m-f100lp_3543_114929.spec.fits,34.28482671,-5.14079887,G140M,excels-uds02-v4,0.9.4,2.1755543,3.0,473,0.10960169339249198,False,True,False
excels-uds02-v4_g235m-f170lp_3543_116579.spec.fits,34.26839198,-5.13881416,G235M,excels-uds02-v4,0.9.4,2.1383934,3.0,104,0.12630855397211743,False,True,False
excels-uds03-v4_g140m-f100lp_3543_45981.spec.fits,34.364641,-5.25024069,G140M,excels-uds03-v4,0.9.4.dev7+g92b1aa6,3.0794979333333337,3.0,375,0.08731028272826707,False,False,True
excels-uds03-v4_g140m-f100lp_3543_54835.spec.fits,34.34305684,-5.23587494,G140M,excels-uds03-v4,0.9.4,2.47794,3.0,839,0.0883851553393292,False,True,False
excels-uds03-v4_g235m-f170lp_3543_45981.spec.fits,34.364641,-5.25024069,G235M,excels-uds03-v4,0.9.4.dev7+g92b1aa6,3.0794979333333337,3.0,375,0.08731028272826707,False,False,True
excels-uds03-v4_g395m-f290lp_3543_45981.spec.fits,34.364641,-5.25024069,G395M,excels-uds03-v4,0.9.4.dev7+g92b1aa6,3.0794979333333337,3.0,375,0.08731028272826707,False,False,True
excels-uds03-v4_g395m-f290lp_3543_53890.spec.fits,34.37114126,-5.23796714,G395M,excels-uds03-v4,0.9.4.dev7+g92b1aa6,6.01166,3.0,1195,0.09654209491997537,False,False,True
excels-uds03-v4_g395m-f290lp_3543_72227.spec.fits,34.34498612,-5.20687077,G395M,excels-uds03-v4,0.9.4.dev7+g92b1aa6,4.20997,3.0,854,0.12584290310734886,False,False,True
excels-uds04-v4_g235m-f170lp_3543_60126.spec.fits,34.31403758,-5.22779543,G235M,excels-uds04-v4,0.9.5.dev2+g80b81b4,6.16667,3.0,782,0.09522609815867684,False,False,True
excels-uds04-v4_g395m-f290lp_3543_48659.spec.fits,34.25147391,-5.24652872,G395M,excels-uds04-v4,0.9.5.dev2+g80b81b4,6.7938473,3.0,605,0.1556727618726454,False,False,True
excels-uds04-v4_g395m-f290lp_3543_60126.spec.fits,34.31403758,-5.22779543,G395M,excels-uds04-v4,0.9.5.dev2+g80b81b4,6.16667,3.0,782,0.09522609815867684,False,False,True
excels-uds04-v4_g395m-f290lp_3543_63107.spec.fits,34.32034102,-5.22271169,G395M,excels-uds04-v4,0.9.5.dev2+g80b81b4,8.27177,3.0,592,0.08034000917263386,False,False,True
gdn-chisholm-v4_g235h-f170lp_1871_63.spec.fits,189.17219338,62.30563914,G235H,gdn-chisholm-v4,0.9.5.dev2+g80b81b4,5.5874897,3.0,226,0.0019657240687965044,False,False,True
gdn-chisholm-v4_g395h-f290lp_1871_63.spec.fits,189.17219338,62.30563914,G395H,gdn-chisholm-v4,0.9.5.dev2+g80b81b4,5.5874897,3.0,226,0.0019657240687965044,False,False,True
gdn-fujimoto-v4_g140m-f070lp_4762_36344.spec.fits,189.1493201,62.2074769,G140M,gdn-fujimoto-v4,0.9.5.dev8+ge2b237b,3.680841024311184,3.0,28,0.0011255787465651514,False,False,True
gdn-fujimoto-v4_g395m-f290lp_4762_36344.spec.fits,189.1493201,62.2074769,G395M,gdn-fujimoto-v4,0.9.5.dev8+ge2b237b,3.680841024311184,3.0,28,0.0011255787465651514,False,False,True
gdn-pah123-v4_g395m-f290lp_2674_3847.spec.fits,189.26810648,62.18466511,G395M,gdn-pah123-v4,0.9.5.dev2+g80b81b4,3.148488,3.0,90,0.04678427289454139,False,False,True
gdn-pah123-v4_g395m-f290lp_2674_934.spec.fits,189.2613459,62.23196665,G395M,gdn-pah123-v4,0.9.5.dev2+g80b81b4,5.536202,3.0,3,0.039927897239831686,False,False,True
gds-maseda-v4_g235m-f170lp_1671_37942.spec.fits,53.17180721,-27.73360799,G235M,gds-maseda-v4,0.9.5.dev2+g80b81b4,2.583172,,563,0.09665020272972674,False,False,False
gds-maseda-v4_g395m-f290lp_1671_37942.spec.fits,53.17180721,-27.73360799,G395M,gds-maseda-v4,0.9.5.dev2+g80b81b4,2.583172,,563,0.09665020272972674,False,False,False
gds-rieke-v4_g140m-f100lp_1207_188098.spec.fits,53.1443,-27.845527,G140M,gds-rieke-v4,0.9.5.dev2+g80b81b4,2.8766887,3.0,983,0.0028464331128135066,False,True,False
gds-rieke-v4_g140m-f100lp_1207_201793.spec.fits,53.188277,-27.801935,G140M,gds-rieke-v4,0.9.5.dev2+g80b81b4,-1.0,,778,0.006359419966219132,False,False,False
gds-rieke-v4_g140m-f100lp_1207_218515.spec.fits,53.158249,-27.740911,G140M,gds-rieke-v4,0.9.5.dev2+g80b81b4,5.74706,,223,0.01779928685012431,False,False,False
gds-rieke-v4_g140m-f100lp_1207_88612.spec.fits,53.162449,-27.830572,G140M,gds-rieke-v4,0.9.5.dev2+g80b81b4,5.64661,,888,0.02945944883999895,False,False,False
gds-rieke-v4_g235m-f170lp_1207_188098.spec.fits,53.1443,-27.845527,G235M,gds-rieke-v4,0.9.5.dev2+g80b81b4,2.8766887,3.0,983,0.0028464331128135066,False,True,False
gds-rieke-v4_g235m-f170lp_1207_201793.spec.fits,53.188277,-27.801935,G235M,gds-rieke-v4,0.9.5.dev2+g80b81b4,-1.0,2.0,778,0.006359419966219132,False,False,False
gds-rieke-v4_g235m-f170lp_1207_218515.spec.fits,53.158249,-27.740911,G235M,gds-rieke-v4,0.9.5.dev2+g80b81b4,5.74706,3.0,223,0.01779928685012431,False,False,True
gds-rieke-v4_g235m-f170lp_1207_88612.spec.fits,53.162449,-27.830572,G235M,gds-rieke-v4,0.9.5.dev2+g80b81b4,5.64661,3.0,888,0.02945944883999895,False,False,True
goodsn-wide1-v4_prism-clear_1211_2586.spec.fits,189.17234514,62.30572924,PRISM,goodsn-wide1-v4,0.9.5.dev2+g80b81b4,5.5874897,,226,0.410085217179748,False,False,False
goodsn-wide-v4_prism-clear_1211_1886.spec.fits,189.26076414,62.21731381,PRISM,goodsn-wide-v4,0.9.5.dev2+g80b81b4,2.4287283,3.0,1074,0.31200363051714264,False,True,False
goodsn-wide-v4_prism-clear_1211_5918.spec.fits,189.29539589,62.21989889,PRISM,goodsn-wide-v4,0.9.5.dev2+g80b81b4,2.4878628,3.0,305,0.03469997594300461,False,True,False
gto-wide-cos02-v4_g235h-f170lp_1214_2329.spec.fits,150.07581435,2.38067742,G235H,gto-wide-cos02-v4,0.9.5.dev2+g80b81b4,2.45157,3.0,1140,0.18680090443916983,False,True,False
gto-wide-cos02-v4_g235h-f170lp_1214_3730.spec.fits,150.09595406,2.40408193,G235H,gto-wide-cos02-v4,0.9.5.dev2+g80b81b4,2.4659224,3.0,1130,0.014749316514992639,False,True,False
gto-wide-cos02-v4_g395h-f290lp_1214_2329.spec.fits,150.07581435,2.38067742,G395H,gto-wide-cos02-v4,0.9.5.dev2+g80b81b4,2.45157,,1140,0.18680090443916983,False,False,False
gto-wide-cos02-v4_g395h-f290lp_1214_3730.spec.fits,150.09595406,2.40408193,G395H,gto-wide-cos02-v4,0.9.5.dev2+g80b81b4,2.4659224,,1130,0.014749316514992639,False,False,False
gto-wide-cos02-v4_prism-clear_1214_2329.spec.fits,150.07581435,2.38067742,PRISM,gto-wide-cos02-v4,0.9.5.dev2+g80b81b4,2.45157,3.0,1140,0.18680090443916983,False,True,False
gto-wide-cos02-v4_prism-clear_1214_3730.spec.fits,150.09595406,2.40408193,PRISM,gto-wide-cos02-v4,0.9.5.dev2+g80b81b4,2.4659224,3.0,1130,0.014749316514992639,False,True,False
gto-wide-cos03-v4_prism-clear_1214_4379.spec.fits,150.17079102,2.36853474,PRISM,gto-wide-cos03-v4,0.9.5.dev2+g80b81b4,-1.0,1.0,837,0.3084044157774492,False,False,False
gto-wide-cos04-v4_g235h-f170lp_1214_5214.spec.fits,150.13654183,2.26058631,G235H,gto-wide-cos04-v4,0.9.5.dev2+g80b81b4,2.9569092,3.0,697,0.11021451604264808,False,True,False
gto-wide-cos04-v4_g395h-f290lp_1214_5214.spec.fits,150.13654183,2.26058631,G395H,gto-wide-cos04-v4,0.9.5.dev2+g80b81b4,2.9569092,3.0,697,0.11021451604264808,False,True,False
gto-wide-cos04-v4_prism-clear_1214_4047.spec.fits,150.1780143,2.23938114,PRISM,gto-wide-cos04-v4,0.9.5.dev2+g80b81b4,-1.0,,15,0.07284379230241272,False,False,False
gto-wide-cos04-v4_prism-clear_1214_5214.spec.fits,150.13654183,2.26058631,PRISM,gto-wide-cos04-v4,0.9.5.dev2+g80b81b4,2.9569092,3.0,697,0.11021451604264808,False,True,False
gto-wide-egs2-v4_g235h-f170lp_1213_5041.spec.fits,214.76319878,52.78272674,G235H,gto-wide-egs2-v4,0.9.5.dev2+g80b81b4,2.94067995,3.0,1014,0.17603735627898945,False,True,False
gto-wide-egs2-v4_g395h-f290lp_1213_5041.spec.fits,214.76319878,52.78272674,G395H,gto-wide-egs2-v4,0.9.5.dev2+g80b81b4,2.94067995,3.0,1014,0.17603735627898945,False,True,False
gto-wide-egs2-v4_prism-clear_1213_5041.spec.fits,214.76319878,52.78272674,PRISM,gto-wide-egs2-v4,0.9.5.dev2+g80b81b4,2.94067995,3.0,1014,0.17603735627898945,False,True,False
gto-wide-uds10-v4_g235h-f170lp_1215_3470.spec.fits,34.51237978,-5.1892346,G235H,gto-wide-uds10-v4,0.9.5.dev2+g80b81b4,2.3026173,3.0,1106,0.01857959489921338,False,True,False
gto-wide-uds10-v4_g395h-f290lp_1215_3470.spec.fits,34.51237978,-5.1892346,G395H,gto-wide-uds10-v4,0.9.5.dev2+g80b81b4,2.3026173,3.0,1106,0.01857959489921338,False,True,False
gto-wide-uds10-v4_prism-clear_1215_3470.spec.fits,34.51237978,-5.1892346,PRISM,gto-wide-uds10-v4,0.9.5.dev2+g80b81b4,2.3026173,3.0,1106,0.01857959489921338,False,True,False
gto-wide-uds13-v4_g235h-f170lp_1215_112.spec.fits,34.38498666,-5.15643373,G235H,gto-wide-uds13-v4,0.9.5.dev2+g80b81b4,2.4755341,3.0,418,0.2874225254571346,False,True,False
gto-wide-uds13-v4_g395h-f290lp_1215_112.spec.fits,34.38498666,-5.15643373,G395H,gto-wide-uds13-v4,0.9.5.dev2+g80b81b4,2.4755341,3.0,418,0.2874225254571346,False,True,False
gto-wide-uds13-v4_prism-clear_1215_112.spec.fits,34.38498666,-5.15643373,PRISM,gto-wide-uds13-v4,0.9.5.dev2+g80b81b4,2.4755341,3.0,418,0.2874225254571346,False,True,False
gto-wide-uds14-v4_g235h-f170lp_1215_3436.spec.fits,34.26318455,-5.20473959,G235H,gto-wide-uds14-v4,0.9.5.dev2+g80b81b4,2.6686223,,123,0.024264170703372754,False,False,False
gto-wide-uds14-v4_g395h-f290lp_1215_3436.spec.fits,34.26318455,-5.20473959,G395H,gto-wide-uds14-v4,0.9.5.dev2+g80b81b4,2.6686223,3.0,123,0.024264170703372754,False,True,False
gto-wide-uds14-v4_prism-clear_1215_3436.spec.fits,34.26318455,-5.20473959,PRISM,gto-wide-uds14-v4,0.9.5.dev2+g80b81b4,2.6686223,3.0,123,0.024264170703372754,False,True,False
jades-gdn10-v4_g140m-f070lp_1181_27839.spec.fits,189.2445345,62.2497818,G140M,jades-gdn10-v4,0.9.5.dev2+g80b81b4,1.685942775,3.0,492,0.013140268606096345,False,True,False
jades-gdn10-v4_g235m-f170lp_1181_27839.spec.fits,189.2445345,62.2497818,G235M,jades-gdn10-v4,0.9.5.dev2+g80b81b4,1.685942775,3.0,492,0.013140268606096345,False,True,False
jades-gdn10-v4_g395h-f290lp_1181_27839.spec.fits,189.2445345,62.2497818,G395H,jades-gdn10-v4,0.9.5.dev2+g80b81b4,1.685942775,3.0,492,0.013140268606096345,False,True,False
jades-gdn10-v4_g395m-f290lp_1181_27839.spec.fits,189.2445345,62.2497818,G395M,jades-gdn10-v4,0.9.5.dev2+g80b81b4,1.685942775,3.0,492,0.013140268606096345,False,True,False
jades-gdn10-v4_prism-clear_1181_27839.spec.fits,189.2445345,62.2497818,PRISM,jades-gdn10-v4,0.9.5.dev2+g80b81b4,1.685942775,3.0,492,0.013140268606096345,False,True,False
jades-gdn198-v4_prism-clear_1181_10084465.spec.fits,189.2966539,62.1952486,PRISM,jades-gdn198-v4,0.9.5.dev8+ge2b237b,-1.0,,816,0.3502550943028391,False,False,False
jades-gdn2-v4_g235m-f170lp_1181_1129.spec.fits,189.1797527,62.2823871,G235M,jades-gdn2-v4,0.9.5.dev2+g80b81b4,-1.0,,181,0.07137133074642239,False,False,False
jades-gdn2-v4_g395m-f290lp_1181_1129.spec.fits,189.1797527,62.2823871,G395M,jades-gdn2-v4,0.9.5.dev2+g80b81b4,-1.0,,181,0.07137133074642239,False,False,False
jades-gdn2-v4_prism-clear_1181_70932.spec.fits,189.12087,62.29111,PRISM,jades-gdn2-v4,0.9.5.dev2+g80b81b4,-1.0,1.0,166,0.4724022442094856,False,False,False
jades-gds1-v4_g140m-f070lp_1286_37746.spec.fits,53.182003,-27.8141823,G140M,jades-gds1-v4,0.9.5.dev2+g80b81b4,2.613786525,3.0,1051,0.009632535368643018,False,True,False
jades-gds1-v4_g235m-f170lp_1286_37746.spec.fits,53.182003,-27.8141823,G235M,jades-gds1-v4,0.9.5.dev2+g80b81b4,2.613786525,3.0,1051,0.009632535368643018,False,True,False
jades-gds1-v4_g395h-f290lp_1286_37746.spec.fits,53.182003,-27.8141823,G395H,jades-gds1-v4,0.9.5.dev2+g80b81b4,2.613786525,3.0,1051,0.009632535368643018,False,True,False
jades-gds1-v4_g395m-f290lp_1286_37746.spec.fits,53.182003,-27.8141823,G395M,jades-gds1-v4,0.9.5.dev2+g80b81b4,2.613786525,3.0,1051,0.009632535368643018,False,True,False
jades-gds1-v4_prism-clear_1286_37746.spec.fits,53.182003,-27.8141823,PRISM,jades-gds1-v4,0.9.5.dev2+g80b81b4,2.613786525,3.0,1051,0.009632535368643018,False,True,False
jades-gds-w04-v4_g235h-f170lp_1212_6106.spec.fits,53.06241885,-27.86486111,G235H,jades-gds-w04-v4,0.9.5.dev2+g80b81b4,2.815082,,922,0.010581313867808322,False,False,False
jades-gds-w04-v4_g395h-f290lp_1212_6106.spec.fits,53.06241885,-27.86486111,G395H,jades-gds-w04-v4,0.9.5.dev2+g80b81b4,2.815082,3.0,922,0.010581313867808322,False,True,False
jades-gds-w04-v4_prism-clear_1212_6106.spec.fits,53.06241885,-27.86486111,PRISM,jades-gds-w04-v4,0.9.5.dev2+g80b81b4,2.815082,3.0,922,0.010581313867808322,False,True,False
jades-gds-w05-v4_g235h-f170lp_1212_4905.spec.fits,53.18595458,-27.81002616,G235H,jades-gds-w05-v4,0.9.5.dev2+g80b81b4,2.5913347333333334,,540,0.34245030013030553,False,False,False
jades-gds-w05-v4_prism-clear_1212_4905.spec.fits,53.18578844,-27.81002738,PRISM,jades-gds-w05-v4,0.9.5.dev2+g80b81b4,2.5913347333333334,3.0,540,0.18661693633183685,False,True,False
jades-gds-w08-v4_g235h-f170lp_1212_777.spec.fits,53.17190894,-27.73363777,G235H,jades-gds-w08-v4,0.9.5.dev2+g80b81b4,2.583172,,563,0.34004719768290187,False,False,False
jades-gds-w08-v4_prism-clear_1212_777.spec.fits,53.17174301,-27.73364153,PRISM,jades-gds-w08-v4,0.9.5.dev2+g80b81b4,2.583172,3.0,563,0.190580808264178,False,True,False
jades-gds-wide2-v4_g140m-f070lp_1180_5807.spec.fits,53.1858475,-27.8100343,G140M,jades-gds-wide2-v4,0.9.5.dev2+g80b81b4,2.5913347333333334,3.0,540,0.029024883518282286,False,True,False
jades-gds-wide2-v4_g235m-f170lp_1180_5807.spec.fits,53.1858475,-27.8100343,G235M,jades-gds-wide2-v4,0.9.5.dev2+g80b81b4,2.5913347333333334,3.0,540,0.029024883518282286,False,True,False
jades-gds-wide2-v4_g395m-f290lp_1180_5807.spec.fits,53.1858475,-27.8100343,G395M,jades-gds-wide2-v4,0.9.5.dev2+g80b81b4,2.5913347333333334,3.0,540,0.029024883518282286,False,True,False
jades-gds-wide2-v4_prism-clear_1180_105924.spec.fits,53.1870346,-27.7757435,PRISM,jades-gds-wide2-v4,0.9.5.dev2+g80b81b4,-1.0,,925,0.43095947501160614,False,False,False
jades-gds-wide2-v4_prism-clear_1180_5807.spec.fits,53.1858475,-27.8100343,PRISM,jades-gds-wide2-v4,0.9.5.dev2+g80b81b4,2.5913347333333334,3.0,540,0.029024883518282286,False,True,False
jades-gds-wide-v4_g140m-f070lp_1180_14279.spec.fits,53.160581,-27.776188,G140M,jades-gds-wide-v4,0.9.5.dev2+g80b81b4,2.5427793666666667,3.0,1105,0.235580660160235,False,True,False
jades-gds-wide-v4_g235m-f170lp_1180_14279.spec.fits,53.160581,-27.776188,G235M,jades-gds-wide-v4,0.9.5.dev2+g80b81b4,2.5427793666666667,3.0,1105,0.235580660160235,False,True,False
jades-gds-wide-v4_g395m-f290lp_1180_14279.spec.fits,53.160581,-27.776188,G395M,jades-gds-wide-v4,0.9.5.dev2+g80b81b4,2.5427793666666667,3.0,1105,0.235580660160235,False,True,False
jades-gds-wide-v4_prism-clear_1180_14279.spec.fits,53.160581,-27.776188,PRISM,jades-gds-wide-v4,0.9.5.dev2+g80b81b4,2.5427793666666667,3.0,1105,0.235580660160235,False,True,False
mom-uds01-v4_prism-clear_5224_134986.spec.fits,34.38505621,-5.15639402,PRISM,mom-uds01-v4,0.9.4,2.4755341,3.0,418,1.8980241477141276e-05,False,True,False
mom-uds02-v4_prism-clear_5224_164129.spec.fits,34.24468766,-5.1154211,PRISM,mom-uds02-v4,0.9.4,2.990496,3.0,124,1.6153006180895672e-05,False,True,False
rubies-egs51-v4_prism-clear_4233_925765.spec.fits,215.066322,52.9373846,PRISM,rubies-egs51-v4,0.9.5.dev2+g80b81b4,-1.0,1.0,356,0.0032231416087057517,False,False,False
rubies-egs52-v4_g395m-f290lp_4233_1473.spec.fits,215.04827519,52.88396213,G395M,rubies-egs52-v4,0.9.5.dev2+g80b81b4,8.83315,3.0,480,0.3731260000238246,False,False,True
rubies-egs53-v4_g395m-f290lp_4233_36473.spec.fits,214.79872904,52.77641197,G395M,rubies-egs53-v4,0.9.5.dev2+g80b81b4,5.2396545,3.0,1120,0.4724791621235794,False,False,True
rubies-egs53-v4_g395m-f290lp_4233_41260.spec.fits,214.7880214,52.78154376,G395M,rubies-egs53-v4,0.9.5.dev2+g80b81b4,5.6874,3.0,225,0.001663726147253494,False,False,True
rubies-egs53-v4_g395m-f290lp_4233_48676.spec.fits,214.76323147,52.78268109,G395M,rubies-egs53-v4,0.9.5.dev2+g80b81b4,2.94067995,3.0,1014,0.0031391636441406843,False,True,False
rubies-egs53-v4_g395m-f290lp_4233_54200.spec.fits,214.79997438,52.82208868,G395M,rubies-egs53-v4,0.9.5.dev2+g80b81b4,2.9526844,3.0,711,0.0003785553686065097,False,True,False
rubies-egs53-v4_prism-clear_4233_48676.spec.fits,214.76323147,52.78268109,PRISM,rubies-egs53-v4,0.9.5.dev2+g80b81b4,2.94067995,3.0,1014,0.0031391636441406843,False,True,False
rubies-egs53-v4_prism-clear_4233_54200.spec.fits,214.79997438,52.82208868,PRISM,rubies-egs53-v4,0.9.5.dev2+g80b81b4,2.9526844,3.0,711,0.0003785553686065097,False,True,False
rubies-egs61-v4_g395m-f290lp_4233_988636.spec.fits,214.9087715,52.9241677,G395M,rubies-egs61-v4,0.9.5.dev2+g80b81b4,6.820664099999999,3.0,524,0.004252552854671698,False,False,True
rubies-egs62-v4_g395m-f290lp_4233_42630.spec.fits,214.91832395,52.87936559,G395M,rubies-egs62-v4,0.9.5.dev2+g80b81b4,5.66226,3.0,216,0.011788027927815912,False,False,True
rubies-egs62-v4_g395m-f290lp_4233_50588.spec.fits,214.90500593,52.89039109,G395M,rubies-egs62-v4,0.9.5.dev2+g80b81b4,3.638346,3.0,439,0.005887653137923766,False,False,True
rubies-egs63-v4_g395m-f290lp_4233_51393.spec.fits,214.89607368,52.88609182,G395M,rubies-egs63-v4,0.9.5.dev2+g80b81b4,5.76193285,3.0,526,0.006891926386907368,False,False,True
rubies-uds1-v4_g395m-f290lp_4233_19001.spec.fits,34.2318949,-5.281615,G395M,rubies-uds1-v4,0.9.5.dev2+g80b81b4,2.4693122,3.0,721,0.0018401965838754455,False,True,False
rubies-uds1-v4_g395m-f290lp_4233_29318.spec.fits,34.2707527,-5.2641641,G395M,rubies-uds1-v4,0.9.5.dev2+g80b81b4,5.6698184,3.0,119,0.002102626903459632,False,False,True
rubies-uds1-v4_g395m-f290lp_4233_30492.spec.fits,34.2304008,-5.262163,G395M,rubies-uds1-v4,0.9.5.dev2+g80b81b4,-1.0,,1193,0.0050889563020790965,False,False,False
rubies-uds1-v4_g395m-f290lp_4233_40021.spec.fits,34.2514852,-5.24657,G395M,rubies-uds1-v4,0.9.5.dev2+g80b81b4,6.7938473,,605,0.005768807181072884,False,False,False
rubies-uds1-v4_prism-clear_4233_19001.spec.fits,34.2318949,-5.281615,PRISM,rubies-uds1-v4,0.9.5.dev2+g80b81b4,2.4693122,3.0,721,0.0018401965838754455,False,True,False
rubies-uds21-v4_g395m-f290lp_4233_164129.spec.fits,34.24468766,-5.1154211,G395M,rubies-uds21-v4,0.9.4.dev7+g92b1aa6,2.990496,3.0,124,1.6153006180895672e-05,False,True,False
rubies-uds21-v4_g395m-f290lp_4233_941203.spec.fits,34.2194726,-5.1277367,G395M,rubies-uds21-v4,0.9.4.dev7+g92b1aa6,6.990467959430704,3.0,85,0.004829395870110193,False,False,True
rubies-uds21-v4_prism-clear_4233_164129.spec.fits,34.24468766,-5.1154211,PRISM,rubies-uds21-v4,0.9.4.dev7+g92b1aa6,2.990496,3.0,124,1.6153006180895672e-05,False,True,False
rubies-uds21-v4_prism-clear_4233_176002.spec.fits,34.20645552,-5.09858815,PRISM,rubies-uds21-v4,0.9.4.dev7+g92b1aa6,-1.0,,1000,1.6702349304186403e-05,False,False,False
rubies-uds22-v4_g395m-f290lp_4233_121875.spec.fits,34.29025236,-5.17420045,G395M,rubies-uds22-v4,0.9.4.dev7+g92b1aa6,2.7915785,3.0,765,2.1356713723483252e-05,False,True,False
rubies-uds22-v4_g395m-f290lp_4233_139055.spec.fits,34.31942644,-5.15090748,G395M,rubies-uds22-v4,0.9.4.dev7+g92b1aa6,5.2221,3.0,447,8.964052765579892e-06,False,False,True
rubies-uds22-v4_g395m-f290lp_4233_146886.spec.fits,34.2848327,-5.14082873,G395M,rubies-uds22-v4,0.9.4.dev7+g92b1aa6,2.1755543,3.0,473,2.1615211364120344e-05,False,True,False
rubies-uds22-v4_prism-clear_4233_121875.spec.fits,34.29025236,-5.17420045,PRISM,rubies-uds22-v4,0.9.4.dev7+g92b1aa6,2.7915785,3.0,765,2.1356713723483252e-05,False,True,False
rubies-uds22-v4_prism-clear_4233_146886.spec.fits,34.2848327,-5.14082873,PRISM,rubies-uds22-v4,0.9.4.dev7+g92b1aa6,2.1755543,3.0,473,2.1615211364120344e-05,False,True,False
rubies-uds22-v4_prism-clear_4233_158912.spec.fits,34.27256338,-5.12303976,PRISM,rubies-uds22-v4,0.9.4.dev7+g92b1aa6,-1.0,2.0,1118,1.5345762986671103e-05,False,False,False
rubies-uds23-v4_g395m-f290lp_4233_164579.spec.fits,34.37283375,-5.11487416,G395M,rubies-uds23-v4,0.9.4.dev7+g92b1aa6,2.91090155,3.0,1102,2.0016712438272083e-05,False,True,False
rubies-uds23-v4_prism-clear_4233_164579.spec.fits,34.37283375,-5.11487416,PRISM,rubies-uds23-v4,0.9.4.dev7+g92b1aa6,2.91090155,3.0,1102,2.0016712438272083e-05,False,True,False
rubies-uds23-v4_prism-clear_4233_972210.spec.fits,34.3724935,-5.1074156,PRISM,rubies-uds23-v4,0.9.4.dev7+g92b1aa6,-1.0,2.0,260,0.012276989175874964,False,False,False
rubies-uds2-v4_g395m-f290lp_4233_40021.spec.fits,34.2514852,-5.24657,G395M,rubies-uds2-v4,0.9.5.dev2+g80b81b4,6.7938473,3.0,605,0.005768807181072884,False,False,True
rubies-uds31-v4_g395m-f290lp_4233_163553.spec.fits,34.37423305,-5.11634219,G395M,rubies-uds31-v4,0.9.5.dev2+g80b81b4,-1.0,,313,1.542536842056731e-05,False,False,False
rubies-uds31-v4_g395m-f290lp_4233_164579.spec.fits,34.37283375,-5.11487416,G395M,rubies-uds31-v4,0.9.5.dev2+g80b81b4,2.91090155,3.0,1102,2.0016712438272083e-05,False,True,False
rubies-uds31-v4_g395m-f290lp_4233_170708.spec.fits,34.380749,-5.1062184,G395M,rubies-uds31-v4,0.9.5.dev2+g80b81b4,-1.0,,67,1.4044521650781043e-05,False,False,False
rubies-uds31-v4_prism-clear_4233_164579.spec.fits,34.37283375,-5.11487416,PRISM,rubies-uds31-v4,0.9.5.dev2+g80b81b4,2.91090155,3.0,1102,2.0016712438272083e-05,False,True,False
rubies-uds32-v4_g395m-f290lp_4233_156165.spec.fits,34.50049639,-5.12726489,G395M,rubies-uds32-v4,0.9.5.dev2+g80b81b4,2.7611399,3.0,236,2.1830019432063322e-05,False,True,False
rubies-uds32-v4_g395m-f290lp_4233_164860.spec.fits,34.47566763,-5.11444508,G395M,rubies-uds32-v4,0.9.5.dev2+g80b81b4,2.6238005,3.0,682,1.9823867312656634e-05,False,True,False
rubies-uds32-v4_g395m-f290lp_4233_170857.spec.fits,34.45459025,-5.10639683,G395M,rubies-uds32-v4,0.9.5.dev2+g80b81b4,2.8832064,3.0,759,9.046913736218156e-06,False,True,False
rubies-uds32-v4_g395m-f290lp_4233_984252.spec.fits,34.4743171,-5.1186825,G395M,rubies-uds32-v4,0.9.5.dev2+g80b81b4,7.073036,3.0,47,0.0055553956455055035,False,False,True
rubies-uds32-v4_prism-clear_4233_136776.spec.fits,34.46761209,-5.15384551,PRISM,rubies-uds32-v4,0.9.5.dev2+g80b81b4,-1.0,,298,5.602002861601089e-06,False,False,False
rubies-uds32-v4_prism-clear_4233_156165.spec.fits,34.50049639,-5.12726489,PRISM,rubies-uds32-v4,0.9.5.dev2+g80b81b4,2.7611399,3.0,236,2.1830019432063322e-05,False,True,False
rubies-uds32-v4_prism-clear_4233_164860.spec.fits,34.47566763,-5.11444508,PRISM,rubies-uds32-v4,0.9.5.dev2+g80b81b4,2.6238005,3.0,682,1.9823867312656634e-05,False,True,False
rubies-uds32-v4_prism-clear_4233_170857.spec.fits,34.45459025,-5.10639683,PRISM,rubies-uds32-v4,0.9.5.dev2+g80b81b4,2.8832064,3.0,759,9.046913736218156e-06,False,True,False
rubies-uds33-v4_g395m-f290lp_4233_32818.spec.fits,34.48875261,-5.26568558,G395M,rubies-uds33-v4,0.9.5.dev2+g80b81b4,6.558143,3.0,769,1.5508895463463472e-05,False,False,True
rubies-uds33-v4_g395m-f290lp_4233_42773.spec.fits,34.49297271,-5.2500427,G395M,rubies-uds33-v4,0.9.5.dev2+g80b81b4,2.8106298,3.0,534,1.993648285574066e-05,False,True,False
rubies-uds33-v4_g395m-f290lp_4233_821092.spec.fits,34.4821994,-5.2894087,G395M,rubies-uds33-v4,0.9.5.dev2+g80b81b4,5.5462527,3.0,812,0.0033958479059365515,False,False,True
rubies-uds33-v4_prism-clear_4233_42773.spec.fits,34.49297271,-5.2500427,PRISM,rubies-uds33-v4,0.9.5.dev2+g80b81b4,2.8106298,3.0,534,1.993648285574066e-05,False,True,False
rubies-uds3-v4_g395m-f290lp_4233_58080.spec.fits,34.3163582,-5.2131318,G395M,rubies-uds3-v4,0.9.5.dev2+g80b81b4,2.7203414,,457,0.0037119738205167395,False,False,False
rubies-uds3-v4_g395m-f290lp_4233_62113.spec.fits,34.2631889,-5.2047442,G395M,rubies-uds3-v4,0.9.5.dev2+g80b81b4,2.6686223,,123,0.013071205738939818,False,False,False
rubies-uds3-v4_prism-clear_4233_58080.spec.fits,34.3163582,-5.2131318,PRISM,rubies-uds3-v4,0.9.5.dev2+g80b81b4,2.7203414,3.0,457,0.0037119738205167395,False,True,False
rubies-uds3-v4_prism-clear_4233_62113.spec.fits,34.2631889,-5.2047442,PRISM,rubies-uds3-v4,0.9.5.dev2+g80b81b4,2.6686223,3.0,123,0.013071205738939818,False,True,False
rubies-uds41-v4_g395m-f290lp_4233_27169.spec.fits,34.36744867,-5.27464978,G395M,rubies-uds41-v4,0.9.5.dev2+g80b81b4,-1.0,,114,5.462150384133092e-06,False,False,False
rubies-uds41-v4_g395m-f290lp_4233_28485.spec.fits,34.3683512,-5.27257777,G395M,rubies-uds41-v4,0.9.5.dev2+g80b81b4,5.488891,3.0,316,1.794833004925026e-05,False,False,True
rubies-uds41-v4_g395m-f290lp_4233_28904.spec.fits,34.36611601,-5.27190416,G395M,rubies-uds41-v4,0.9.5.dev2+g80b81b4,5.52098535,3.0,543,1.5799966883467326e-05,False,False,True
rubies-uds41-v4_g395m-f290lp_4233_37937.spec.fits,34.38687792,-5.25736841,G395M,rubies-uds41-v4,0.9.5.dev2+g80b81b4,2.5956419,3.0,516,1.9734471493214007e-05,False,True,False
rubies-uds41-v4_prism-clear_4233_37937.spec.fits,34.38687792,-5.25736841,PRISM,rubies-uds41-v4,0.9.5.dev2+g80b81b4,2.5956419,3.0,516,1.9734471493214007e-05,False,True,False
rubies-uds42-v4_g395m-f290lp_4233_28904.spec.fits,34.36611601,-5.27190416,G395M,rubies-uds42-v4,0.9.5.dev2+g80b81b4,5.52098535,3.0,543,1.5799966883467326e-05,False,False,True
rubies-uds42-v4_prism-clear_4233_833622.spec.fits,34.3878774,-5.2707908,PRISM,rubies-uds42-v4,0.9.5.dev2+g80b81b4,-1.0,,1201,0.019359078587828673,False,False,False
rubies-uds43-v4_g395m-f290lp_4233_20572.spec.fits,34.30443682,-5.28616292,G395M,rubies-uds43-v4,0.9.5.dev2+g80b81b4,2.207401,3.0,1204,1.959258499057961e-05,False,True,False
rubies-uds43-v4_g395m-f290lp_4233_853923.spec.fits,34.3147152,-5.2425298,G395M,rubies-uds43-v4,0.9.5.dev2+g80b81b4,7.13107,3.0,629,0.03738104105401616,False,False,True
rubies-uds43-v4_prism-clear_4233_20572.spec.fits,34.30443682,-5.28616292,PRISM,rubies-uds43-v4,0.9.5.dev2+g80b81b4,2.207401,3.0,1204,1.959258499057961e-05,False,True,False
valentino-cosmos04-v4_g235m-f170lp_3567_47534.spec.fits,150.12751979,2.35977202,G235M,valentino-cosmos04-v4,0.9.5.dev2+g80b81b4,2.82073,3.0,1200,0.018174564340039792,False,True,False
valentino-cosmos04-v4_g235m-f170lp_3567_51372.spec.fits,150.07229785,2.37085093,G235M,valentino-cosmos04-v4,0.9.5.dev2+g80b81b4,2.9895852,3.0,227,0.02504830400124547,False,True,False
valentino-egs-v4_g235m-f170lp_3567_47704.spec.fits,214.87199881,52.85931244,G235M,valentino-egs-v4,0.9.5.dev2+g80b81b4,5.272795,3.0,61,0.009787267764621948,False,False,True
valentino-egs-v4_g235m-f170lp_3567_51393.spec.fits,214.89607368,52.88609182,G235M,valentino-egs-v4,0.9.5.dev2+g80b81b4,5.76193285,3.0,526,0.006891926386907368,False,False,True
valentino-egs-v4_g235m-f170lp_3567_51608.spec.fits,214.91109555,52.89732146,G235M,valentino-egs-v4,0.9.5.dev2+g80b81b4,-1.0,,561,0.0009636148242226458,False,False,False
valentino-egs-v4_g235m-f170lp_3567_57028.spec.fits,214.89054125,52.89298365,G235M,valentino-egs-v4,0.9.5.dev2+g80b81b4,2.745755,3.0,827,0.017196935911278143,False,True,False
valentino-obs19-v4_g235m-f170lp_3567_40904.spec.fits,34.40897795,-5.14841353,G235M,valentino-obs19-v4,0.9.5.dev2+g80b81b4,2.2903423,3.0,328,2.3637233451707504e-05,False,True,False
egs-mason-v4_g395m-f290lp_4287_91867.spec.fits,214.8961015,52.9251589,G395M,egs-mason-v4,0.9.5.dev8+ge2b237b,-1.0,,699,0.007112681316088656,False,False,False
egs-mason-v4_g140h-f100lp_4287_91867.spec.fits,214.8961015,52.9251589,G140H,egs-mason-v4,0.9.5.dev8+ge2b237b,-1.0,,699,0.007112681316088656,False,False,False
gto-wide-cos03-v4_g235h-f170lp_1214_4379.spec.fits,150.17079102,2.36853474,G235H,gto-wide-cos03-v4,0.9.5.dev2+g80b81b4,-1.0,,837,0.3084044157774492,False,False,False
gto-wide-cos03-v4_g395h-f290lp_1214_4379.spec.fits,150.17079102,2.36853474,G395H,gto-wide-cos03-v4,0.9.5.dev2+g80b81b4,-1.0,,837,0.3084044157774492,False,False,False
gto-wide-cos04-v4_g395h-f290lp_1214_4047.spec.fits,150.1780143,2.23938114,G395H,gto-wide-cos04-v4,0.9.5.dev2+g80b81b4,-1.0,,15,0.07284379230241272,False,False,False
gto-wide-cos04-v4_g235h-f170lp_1214_4047.spec.fits,150.1780143,2.23938114,G235H,gto-wide-cos04-v4,0.9.5.dev2+g80b81b4,-1.0,,15,0.07284379230241272,False,False,False
jades-gdn198-v4_g395h-f290lp_1181_10084465.spec.fits,189.2966539,62.1952486,G395H,jades-gdn198-v4,0.9.5.dev8+ge2b237b,-1.0,,816,0.3502550943028391,False,False,False
jades-gdn198-v4_g395m-f290lp_1181_10084465.spec.fits,189.2966539,62.1952486,G395M,jades-gdn198-v4,0.9.5.dev8+ge2b237b,-1.0,,816,0.3502550943028391,False,False,False
jades-gdn198-v4_g140m-f070lp_1181_10084465.spec.fits,189.2966539,62.1952486,G140M,jades-gdn198-v4,0.9.5.dev8+ge2b237b,-1.0,,816,0.3502550943028391,False,False,False
jades-gdn198-v4_g235m-f170lp_1181_10084465.spec.fits,189.2966539,62.1952486,G235M,jades-gdn198-v4,0.9.5.dev8+ge2b237b,-1.0,,816,0.3502550943028391,False,False,False
jades-gdn2-v4_g140m-f070lp_1181_1129.spec.fits,189.1797527,62.2823871,G140M,jades-gdn2-v4,0.9.5.dev2+g80b81b4,-1.0,,181,0.07137133074642239,False,False,False
jades-gdn2-v4_prism-clear_1181_1129.spec.fits,189.1797527,62.2823871,PRISM,jades-gdn2-v4,0.9.5.dev2+g80b81b4,-1.0,,181,0.07137133074642239,False,False,False
rubies-egs51-v4_g395m-f290lp_4233_925765.spec.fits,215.066322,52.9373846,G395M,rubies-egs51-v4,0.9.5.dev2+g80b81b4,-1.0,,356,0.0032231416087057517,False,False,False
rubies-egs61-v4_prism-clear_4233_983193.spec.fits,214.8961048,52.9251574,PRISM,rubies-egs61-v4,0.9.5.dev2+g80b81b4,-1.0,,699,0.0018637722488528499,False,False,False
rubies-egs61-v4_g395m-f290lp_4233_983193.spec.fits,214.8961048,52.9251574,G395M,rubies-egs61-v4,0.9.5.dev2+g80b81b4,-1.0,,699,0.0018637722488528499,False,False,False
rubies-uds1-v4_g395m-f290lp_4233_18644.spec.fits,34.2559966,-5.2822923,G395M,rubies-uds1-v4,0.9.5.dev2+g80b81b4,-1.0,,895,0.004672634405644577,False,False,False
rubies-uds21-v4_g395m-f290lp_4233_176002.spec.fits,34.20645552,-5.09858815,G395M,rubies-uds21-v4,0.9.4.dev7+g92b1aa6,-1.0,,1000,1.6702349304186403e-05,False,False,False
rubies-uds22-v4_g395m-f290lp_4233_158912.spec.fits,34.27256338,-5.12303976,G395M,rubies-uds22-v4,0.9.4.dev7+g92b1aa6,-1.0,,1118,1.5345762986671103e-05,False,False,False
rubies-uds23-v4_g395m-f290lp_4233_972210.spec.fits,34.3724935,-5.1074156,G395M,rubies-uds23-v4,0.9.4.dev7+g92b1aa6,-1.0,,260,0.012276989175874964,False,False,False
rubies-uds32-v4_g395m-f290lp_4233_136776.spec.fits,34.46761209,-5.15384551,G395M,rubies-uds32-v4,0.9.5.dev2+g80b81b4,-1.0,,298,5.602002861601089e-06,False,False,False
rubies-uds42-v4_g395m-f290lp_4233_833622.spec.fits,34.3878774,-5.2707908,G395M,rubies-uds42-v4,0.9.5.dev2+g80b81b4,-1.0,,1201,0.019359078587828673,False,False,False
