source_id,field,id,region,ra,dec,sky_group,sky_group_size,n_sources_within_0p5,n_sources_within_1p0,sep_hviding25_A1,sep_barro25,sep_degraaff26,in_hviding25_A1,in_barro25,in_degraaff26,y_strict,picked_by_union,bands_complete,in_support,mag_f444w,crowded_0p5,n_catalogs
2583,primer-uds-north,74752,UDS,34.205808284634855,-5.100499778536657,2436,1,1,1,,0.19357341794033914,,False,True,False,False,False,True,True,25.62888775908902,False,1
3915,primer-uds-north,75975,UDS,34.2103850922664,-5.098736209426378,3696,1,1,1,,,3.2469591291577186e-08,False,False,True,False,True,True,True,24.39154373714412,False,1
5003,primer-uds-north,82791,UDS,34.213812850547654,-5.0870495031759395,4733,1,1,1,0.0,0.1999169076902314,3.478640511018003e-08,True,True,True,False,True,True,True,25.102430777066164,False,3
8880,primer-uds-south,36210,UDS,34.22375691512629,-5.260244247471578,8391,1,1,3,0.0019472483431522299,0.12388424956791788,0.0018746256111662415,True,True,True,False,True,True,True,24.99376650126302,False,3
10951,primer-uds-north,74005,UDS,34.22852611509374,-5.101525160835979,10354,1,1,1,0.0038525933660447406,0.1724821158957586,,True,True,False,False,True,True,True,26.42809828168727,False,2
11111,primer-uds-north,36569,UDS,34.22888129436682,-5.154073107762508,10505,1,1,1,,0.19609095532750187,,False,True,False,False,False,True,True,27.20818106866414,False,1
17782,primer-uds-south,29173,UDS,34.24369983157472,-5.271439645001771,16867,1,1,1,,,0.0070678149289453394,False,False,True,False,True,True,True,26.438011645835754,False,1
18015,primer-uds-south,45540,UDS,34.244199658598184,-5.245871376638504,17092,1,1,1,0.00029517951583347816,0.14242880642451192,0.00017059370641577383,True,True,True,False,True,True,True,22.189115544524853,False,3
19679,primer-uds-north,38196,UDS,34.24782820081633,-5.15199712284704,18703,1,1,1,,,0.003464000228326669,False,False,True,False,True,True,True,25.99146972222338,False,1
24623,primer-uds-south,44341,UDS,34.2604280926169,-5.247422903604769,23471,1,1,1,,,,False,False,False,True,True,True,True,27.088746452749444,False,0
25252,primer-uds-north,71609,UDS,34.261899166352485,-5.105204769792637,24048,3,2,4,0.004349984173334323,,,True,False,False,False,True,True,True,25.80416935411546,True,1
26406,primer-uds-south,53274,UDS,34.2646015217422,-5.23258503671963,25166,1,1,2,,0.1491410243532936,0.0031621482994430624,False,True,True,True,True,True,True,24.898019488177606,False,2
27181,primer-uds-south,38479,UDS,34.26643793326514,-5.256396085813727,25907,1,1,1,0.024148448211205906,,,True,False,False,False,False,True,True,26.79233690879052,False,1
27975,primer-uds-south,15006,UDS,34.26826574004721,-5.295207617845461,26674,1,1,1,,,0.00211162922182928,False,False,True,False,False,True,True,26.039733521171954,False,1
28266,primer-uds-north,19957,UDS,34.26890764112112,-5.176721840771617,26955,1,1,1,0.0,0.1642053995636595,7.061372417524681e-09,True,True,True,True,True,True,True,25.65523344020782,False,3
28999,primer-uds-south,61912,UDS,34.270711414980035,-5.217679394593591,27661,1,1,1,,0.14692141333626516,0.03191531513841377,False,True,True,True,True,True,True,24.356063167149888,False,2
31845,primer-uds-south,65705,UDS,34.277608680824315,-5.210173142158668,30393,1,1,1,,0.13347854489751085,,False,True,False,False,False,True,True,26.36132564556421,False,1
41569,primer-uds-north,39709,UDS,34.296002174241615,-5.14989519964438,39702,1,1,1,,,1.679379479524758e-08,False,False,True,False,True,True,True,24.884307269632874,False,1
47582,primer-uds-north,49209,UDS,34.30582123192057,-5.136478538164039,45424,1,1,1,,0.09313798062364805,,False,True,False,False,False,True,True,26.659453166122347,False,1
50436,primer-uds-south,42814,UDS,34.31057568854347,-5.2498971236997685,48122,2,2,3,0.0051467466869796735,,0.00514671203159857,True,False,True,False,True,True,True,26.39783667953915,True,2
52014,primer-uds-south,56686,UDS,34.31315438357064,-5.226780756897352,49630,1,1,1,0.0012994782221303226,,0.0011396905531843447,True,False,True,True,True,True,True,26.07144696073619,False,2
58431,primer-uds-south,40800,UDS,34.32412198260266,-5.252788854978552,55716,1,1,2,,,3.223399383483775e-08,False,False,True,False,True,True,True,26.960041364154954,False,1
59037,primer-uds-north,44195,UDS,34.32515592884706,-5.143685286004948,56292,1,1,1,0.0,0.06660773083342997,3.09629632580271e-08,True,True,True,True,True,True,True,24.76050435410739,False,3
64163,primer-uds-north,67741,UDS,34.33460340027518,-5.110269315245688,61180,1,1,2,0.0,0.04635515538446346,2.7644422756668374e-08,True,True,True,False,False,True,True,24.675965838252946,False,3
66039,primer-uds-south,23438,UDS,34.33827056315519,-5.28089510517798,62984,1,1,1,0.0,0.09997792053091833,3.423416146960492e-08,True,True,True,True,False,True,True,24.982351196760526,False,3
69421,primer-uds-south,36171,UDS,34.345002561698756,-5.260115382734445,66218,1,1,4,0.0,,,True,False,False,False,True,True,True,26.244026042601305,False,1
73068,primer-uds-south,33451,UDS,34.35246119249341,-5.264609978933602,69715,1,1,2,,0.09930338091612033,,False,True,False,False,True,True,True,26.931981090362225,False,1
77053,primer-uds-north,47411,UDS,34.36071825381506,-5.139081331508376,73520,2,2,2,,0.029618344505035407,,False,True,False,False,True,True,True,26.45595842209628,True,1
78416,primer-uds-north,19857,UDS,34.36351523371202,-5.176964032563154,74830,1,1,2,,0.09437398227040537,0.09143333378534257,False,True,True,True,True,True,True,24.418868982254267,False,2
78552,primer-uds-north,46223,UDS,34.36377295039556,-5.1407861800672805,74957,1,1,1,,0.042949922414253265,,False,True,False,False,False,True,True,26.372817404333702,False,1
80076,primer-uds-south,16053,UDS,34.367103568785325,-5.293524329615932,76424,1,1,1,,0.05593103100076278,,False,True,False,False,True,True,True,25.743408934132866,False,1
80916,primer-uds-north,72350,UDS,34.36895117186716,-5.103941474589491,77229,1,1,1,0.0,0.024748699260876236,4.2742620200014806e-08,True,True,True,False,True,True,True,24.81079899729488,False,3
82379,primer-uds-north,63748,UDS,34.3723696592935,-5.1159123200806995,78636,1,1,1,,,0.0055671824684140414,False,False,True,False,True,True,True,26.306362653713922,False,1
83583,primer-uds-south,26611,UDS,34.37485390496797,-5.275528199347832,79788,1,1,3,0.006716696865249309,,,True,False,False,False,True,True,True,26.735474063167615,False,1
84181,primer-uds-south,7111,UDS,34.37614048644113,-5.310366263509511,80357,1,1,1,0.005242414676489027,,0.005242414676489027,True,False,True,False,True,True,True,25.228091180601552,False,2
86816,primer-uds-south,10036,UDS,34.381671053337776,-5.303742397931006,82885,1,1,1,,0.048823818000248584,,False,True,False,False,False,True,True,25.872484258391978,False,1
87772,primer-uds-south,19521,UDS,34.3836724883297,-5.287732439684146,83804,1,1,1,,0.0556600086719147,,False,True,False,False,True,True,True,26.50397853891601,False,1
89236,primer-uds-north,49501,UDS,34.386713011080914,-5.136107513326662,85205,1,1,2,,0.06074663604315229,2.4208999762736306e-08,False,True,True,False,True,True,True,25.427632500748725,False,2
94497,primer-uds-north,50135,UDS,34.397484075924076,-5.135116306276058,90271,1,1,1,,0.068762080905728,2.6256001140804455e-08,False,True,True,True,True,True,True,25.64726582684428,False,2
101065,primer-uds-north,54183,UDS,34.41074855089838,-5.129664262749892,96578,2,2,2,0.0,0.06208799303207428,4.6600578103104794e-08,True,True,True,False,True,True,True,23.32581662074511,True,3
105458,primer-uds-north,36534,UDS,34.41985962412056,-5.154215088740647,100799,1,1,2,,0.08432754414534806,0.08439875625515465,False,True,True,True,True,True,True,24.270021441355695,False,2
106664,primer-uds-south,42310,UDS,34.42231108764973,-5.250702316556367,101955,1,1,2,,0.12415587769396991,,False,True,False,False,True,True,True,24.41457236148791,False,1
107613,primer-uds-north,49298,UDS,34.42431077485901,-5.136491239839027,102862,1,1,2,0.0,0.07522264546856271,0.07523904785891097,True,True,True,False,True,True,True,24.22077646472296,False,3
120751,primer-uds-south,29813,UDS,34.453354870970635,-5.270716907932999,115504,1,1,1,0.0,,1.103275935760126e-08,True,False,True,False,True,True,True,25.985708197100642,False,2
121629,primer-uds-south,53692,UDS,34.45537626542536,-5.23181398278446,116352,1,1,2,0.0,,2.5033610537444876e-08,True,False,True,False,True,True,True,26.393826491159643,False,2
126807,primer-uds-north,74471,UDS,34.46674884887205,-5.100877034441696,121291,1,1,1,,0.08801051635515018,,False,True,False,False,True,True,True,26.469424434774556,False,1
128283,primer-uds-south,50431,UDS,34.47004102798784,-5.238068116366967,122705,1,1,2,0.002935928250178721,,,True,False,False,False,True,True,True,23.510466927047645,False,1
128779,primer-uds-north,11352,UDS,34.47112739763726,-5.190443445892024,123178,1,1,3,,0.08413192057050319,0.03834301426590855,False,True,True,False,True,True,True,24.256191618736484,False,2
134898,primer-uds-north,25768,UDS,34.483605309671916,-5.168929334327156,129066,1,1,1,,0.09210289461647361,,False,True,False,False,False,True,True,24.844621723204995,False,1
145455,primer-uds-south,37427,UDS,34.50493770078176,-5.257979528161563,139205,1,1,2,,0.04607846226133512,,False,True,False,False,False,True,True,25.758682979509313,False,1
149161,primer-uds-north,8768,UDS,34.515777719738026,-5.19516160998345,142725,2,2,2,,0.06995480629067433,,False,True,False,False,False,True,True,25.33134243396372,True,1
157134,gds-sw,43476,GOODS-S,53.03490293102044,-27.852180251203606,150133,1,1,2,,0.027896531051708674,0.05941375316505419,False,True,True,True,True,True,True,25.49754142358446,False,2
159272,gds-sw,42114,GOODS-S,53.04105359377501,-27.854471723535745,152068,1,1,1,,0.02405624736060703,0.05452772859866318,False,True,True,True,True,True,True,25.40959259498674,False,2
160972,gds-sw,42382,GOODS-S,53.04601373417316,-27.853986000927193,153614,1,1,1,,0.02530479089075332,,False,True,False,False,True,True,True,26.541621434532072,False,1
166519,gds-sw,36474,GOODS-S,53.06029745494757,-27.863532214429966,158712,1,1,1,,0.027361692379373696,,False,True,False,False,True,True,True,27.090324360039887,False,1
166635,gds-sw,45401,GOODS-S,53.06054551385188,-27.84839503745343,158818,1,1,1,,0.028706905486968422,,False,True,False,False,True,True,True,27.039932701486407,False,1
184343,gds,67753,GOODS-S,53.0889996408514,-27.73820289784402,175178,1,1,1,,,0.08105034991736222,False,False,True,False,False,False,False,24.92508871844846,False,1
189430,gds-sw,12550,GOODS-S,53.09737143676241,-27.901314110330638,179892,1,1,3,,0.19572046895052034,,False,True,False,False,False,True,True,23.970988245842356,False,1
189514,gds-sw,12551,GOODS-S,53.09751840702867,-27.9012472968684,179970,1,1,3,,,0.05640878340018166,False,False,True,False,False,True,True,23.816405544594176,False,1
195041,gds-sw,18538,GOODS-S,53.10722426668577,-27.89059472303409,185134,1,1,3,,0.033478485330858086,,False,True,False,False,True,True,True,26.529519978423174,False,1
202262,gds,11107,GOODS-S,53.120210213969315,-27.85633114139752,191807,3,2,3,,0.011756669197238575,,False,True,False,False,False,True,True,26.386289401473174,True,1
205934,gds,30367,GOODS-S,53.12653936355704,-27.818090433946182,195292,1,1,2,,0.0046140244491240795,,False,True,False,False,True,True,True,26.035040947434812,False,1
206765,gds,24555,GOODS-S,53.12805111955162,-27.82917122164247,196067,1,1,2,,0.019728194859812854,,False,True,False,False,False,True,True,26.777346157675243,False,1
209262,gds,56437,GOODS-S,53.13266576210186,-27.76549027177905,198386,1,1,1,,0.013047551415091434,0.03190200000759112,False,True,True,False,True,True,True,24.242103633497262,False,2
210911,gds,2947,GOODS-S,53.13586408202085,-27.87164251860678,199917,1,1,1,,0.008936828312534457,0.008951776989456173,False,True,True,False,True,True,True,26.06502067010493,False,2
212510,gds,44120,GOODS-S,53.138597349752224,-27.790252310666542,201424,2,2,4,,0.010953042259123028,0.013785592209728303,False,True,True,False,True,False,False,24.40651994406903,True,2
212842,gds,47103,GOODS-S,53.13904119249008,-27.784441828666363,201724,1,1,3,,0.01994709324071838,0.0327854704270493,False,True,True,False,True,True,True,25.425472734827448,False,2
214148,gds,38174,GOODS-S,53.140782033585914,-27.802178850855952,202940,1,1,2,,0.009675144416884633,,False,True,False,False,True,True,True,26.493131339207366,False,1
215176,gds,49351,GOODS-S,53.14208568992172,-27.779850836169548,203853,1,1,1,,0.024500129434944604,,False,True,False,False,False,True,True,25.645132227270985,False,1
233452,gds,53198,GOODS-S,53.16611546488844,-27.77204343776549,220608,2,2,2,,0.01664343353226034,,False,True,False,True,True,True,True,26.406056540055193,True,1
251875,gds,53152,GOODS-S,53.20399376641212,-27.772100026665946,237885,1,1,1,,,0.07101119799847903,False,False,True,False,True,True,True,26.345476601122424,False,1
301324,primer-cosmos-west,62385,COSMOS,150.05536538772682,2.291590045339835,282498,1,1,3,,0.01741625573736395,,False,True,False,False,True,True,True,24.705699098800817,False,1
305821,primer-cosmos-west,69048,COSMOS,150.0605715630276,2.305958926825972,286652,1,1,1,,,0.0006374540847181102,False,False,True,False,True,True,True,26.308406468409576,False,1
309737,primer-cosmos-west,56264,COSMOS,150.0649285150188,2.278060645743835,290294,1,1,1,,,,False,False,False,True,False,True,True,28.02316851448717,False,0
312610,primer-cosmos-west,67730,COSMOS,150.06783844986984,2.3033032831501887,292888,2,2,3,,,0.005534287149140147,False,False,True,False,True,True,True,25.923600722701963,True,1
316329,primer-cosmos-west,45444,COSMOS,150.0709255122591,2.251693424506193,296175,1,1,1,,0.04255959426648471,,False,True,False,False,True,True,True,24.810110582036227,False,1
317222,primer-cosmos-west,25560,COSMOS,150.0716706821496,2.200408702767232,296969,1,1,1,,,0.0007875131305860497,False,False,True,False,True,True,True,23.90176032031291,False,1
317568,primer-cosmos-west,65299,COSMOS,150.07196386649878,2.2972648013982706,297289,1,1,1,,,0.00249230414489236,False,False,True,False,False,True,True,25.19919192608636,False,1
318732,primer-cosmos-west,75011,COSMOS,150.0729025195731,2.3236213045710437,298336,1,1,1,,,0.0056973096544975545,False,False,True,False,True,True,True,26.441266897212778,False,1
325315,primer-cosmos-west,56136,COSMOS,150.07802090994636,2.2776244238370533,304127,1,1,1,,,0.02115836024886024,False,False,True,False,True,True,True,24.7536488539345,False,1
331636,primer-cosmos-west,56169,COSMOS,150.08281657289598,2.2777267489780777,309731,1,1,2,,,0.0018910656538494784,False,False,True,False,True,True,True,25.27701136848022,False,1
346105,primer-cosmos-west,103340,COSMOS,150.09381767845608,2.43855329615662,322491,1,1,1,,,0.002157671856683796,False,False,True,False,True,True,True,25.744847663644883,False,1
357556,primer-cosmos-west,43711,COSMOS,150.10263669718276,2.249597725072027,332656,1,1,1,,0.03856860928266759,0.03826564795474014,False,True,True,False,True,True,True,24.815456911209903,False,2
361493,primer-cosmos-west,105065,COSMOS,150.10584949560592,2.446822718491724,336130,1,1,2,,,0.0025523098103390936,False,False,True,False,True,True,True,25.36170653725586,False,1
362724,primer-cosmos-west,84507,COSMOS,150.10690198647086,2.360047161871554,337233,1,1,2,,0.014936723795375828,0.006587444444788145,False,True,True,False,True,True,True,25.613287065227556,False,2
366504,primer-cosmos-west,95058,COSMOS,150.11024264306758,2.4022085137786235,340639,1,1,1,,,0.0010419760453258325,False,False,True,False,True,True,True,24.64968621678604,False,1
378189,primer-cosmos-east,40812,COSMOS,150.12091825524493,2.3179323730169585,351259,1,1,1,,0.03026670256803147,0.02865672865976061,False,True,True,False,True,True,True,25.25905370070783,False,2
381318,primer-cosmos-east,37681,COSMOS,150.12402581622078,2.3068371759540702,354183,1,1,2,,0.03675090080838513,0.038545415745320326,False,True,True,True,False,True,True,26.25441671836995,False,2
383096,primer-cosmos-east,60812,COSMOS,150.1258251730518,2.3897109270010923,355870,1,1,1,,0.021647127173732298,,False,True,False,False,True,True,True,26.82929013538683,False,1
386649,primer-cosmos-west,93006,COSMOS,150.129408847642,2.3936616455869677,359232,1,1,1,,,0.027406333812523463,False,False,True,False,True,True,True,27.64133331877154,False,1
389457,primer-cosmos-west,89952,COSMOS,150.13219288614286,2.380441825499249,361881,1,1,1,,,0.0028222054867260388,False,False,True,False,False,True,True,27.45957576525569,False,1
389576,primer-cosmos-west,15989,COSMOS,150.1323023483862,2.169690377649035,361999,1,1,2,,0.01783166005741362,,False,True,False,False,True,True,True,26.13885632842099,False,1
393440,primer-cosmos-east,38011,COSMOS,150.13625999903627,2.308028977479908,365668,1,1,2,,0.02544377738628856,0.02463531257574985,False,True,True,True,True,True,True,26.403668636919708,False,2
401609,primer-cosmos-east,48066,COSMOS,150.1444482541484,2.3443950536441704,373382,1,1,1,,0.0332876097514838,0.021920502273351763,False,True,True,True,True,True,True,24.242831228343878,False,2
414231,primer-cosmos-east,83388,COSMOS,150.1580448151367,2.484194491092873,385357,1,1,1,,0.018150136011491024,,False,True,False,False,False,True,True,26.711356092918784,False,1
416141,primer-cosmos-east,79141,COSMOS,150.16028131503316,2.4640503135602403,387175,1,1,1,,0.01828646005747199,,False,True,False,False,False,True,True,26.864386837553347,False,1
416779,primer-cosmos-east,79519,COSMOS,150.16103046975013,2.465802504619987,387785,1,1,1,,0.007544837666687084,0.00933135249059279,False,True,True,False,True,True,True,25.585540850636704,False,2
428125,primer-cosmos-east,57753,COSMOS,150.17583929898242,2.3787269338888017,398604,1,1,1,,0.02520253729480823,,False,True,False,False,True,True,True,26.164051229787894,False,1
428195,primer-cosmos-east,71672,COSMOS,150.17594315935176,2.4324318893423937,398672,1,1,3,,0.019764156667525384,0.019643174725477056,False,True,True,True,True,True,True,23.779956433415702,False,2
465479,gdn,67601,GOODS-N,189.06458131415982,62.273819629861315,434496,1,1,1,,0.012186757620760692,0.02026765220433648,False,True,True,False,False,True,True,22.024331070682408,False,2
469414,gdn,42019,GOODS-N,189.09147346171113,62.22810865423824,438261,1,1,1,,0.0027497784754384,,False,True,False,False,True,True,True,26.940574750985075,False,1
470144,gdn,48455,GOODS-N,189.0962946991319,62.23914276198563,438971,1,1,1,,,0.004599373229804741,False,False,True,False,True,True,True,26.664682627997024,False,1
474195,gdn,77875,GOODS-N,189.12251558004678,62.29285055888838,442823,1,1,1,,0.0067502074024590065,,False,True,False,False,False,True,True,27.175398475243604,False,1
479449,gdn,60096,GOODS-N,189.15196680152673,62.25963917786711,447829,1,1,2,,0.004447948176155481,,False,True,False,True,True,True,True,25.392607793912433,False,1
482712,gdn,36091,GOODS-N,189.16802156337064,62.21701376522342,450930,1,1,1,,0.009733562865481146,,False,True,False,False,True,True,True,26.646924031017647,False,1
485386,gdn,40027,GOODS-N,189.17974559512453,62.22462705153551,453445,1,1,1,,0.006930711260091817,,False,True,False,False,True,True,True,27.252250851635754,False,1
489368,gdn,16455,GOODS-N,189.19739709076848,62.17723261609704,457228,1,1,1,,0.006096080655382363,0.002652909744401868,False,True,True,True,True,True,True,25.32863954720541,False,2
489501,gdn,16334,GOODS-N,189.19796925671014,62.17701586127133,457356,1,1,2,,0.015118277894404276,,False,True,False,False,True,True,True,26.677233254252037,False,1
490982,gdn,64586,GOODS-N,189.2037705291708,62.26842763632252,458749,1,1,2,,0.013320619407235258,,False,True,False,False,True,True,True,26.616921532514326,False,1
498369,gdn,4064,GOODS-N,189.22916096322732,62.14618167914405,465705,1,1,1,,0.011898661551334752,0.04965592307800343,False,True,True,False,True,True,True,22.081035889934906,False,2
506785,gdn,54665,GOODS-N,189.25446515082064,62.24925914343617,473506,2,2,3,,0.011319193867380988,,False,True,False,False,False,True,True,24.698359097838637,True,1
511912,gdn,24803,GOODS-N,189.26977299109456,62.19420506121332,478330,1,1,1,,0.019011522116506405,,False,True,False,True,False,True,True,25.38216382594463,False,1
512221,gdn,4389,GOODS-N,189.27068209600876,62.14841854485464,478618,1,1,1,,0.012094593982463302,,False,True,False,False,True,True,True,25.178756615874462,False,1
519153,gdn,27348,GOODS-N,189.29322467412425,62.19900029201744,485064,2,2,3,,0.011234870612728763,,False,True,False,False,False,True,True,26.472568581337804,True,1
519381,gdn,6046,GOODS-N,189.29394907991042,62.1530917151787,485317,1,1,1,,0.0033877179931324623,0.00569498944928379,False,True,True,True,False,True,True,26.318670244616747,False,2
519713,gdn,24477,GOODS-N,189.2950492072972,62.19357202725233,485632,1,1,2,,0.018352222685342534,0.012095057825011078,False,True,True,True,False,True,True,25.005387223844014,False,2
559252,ceers-full,45658,CEERS,214.79536727592395,52.78884670441831,522940,1,1,2,0.0012041116968072873,0.007192926559885159,0.0012041130675697117,True,True,True,False,True,True,True,23.404859634152782,False,3
559649,ceers-full,57736,CEERS,214.7975382343117,52.81874663745569,523316,1,1,2,0.002023730015142683,0.023593585001096578,0.023846386931210193,True,True,True,False,True,True,True,25.918260900045574,False,3
562006,ceers-full,76469,CEERS,214.8091456528529,52.8684792798485,525567,1,1,1,,,0.017560841750300888,False,False,True,False,True,True,True,26.136920558262215,False,1
563101,ceers-full,20143,CEERS,214.81478404764275,52.74894908307823,526607,1,1,1,,0.011484000858548117,,False,True,False,False,False,True,True,25.536535091662223,False,1
564842,ceers-full,54373,CEERS,214.82345374671925,52.83027670970119,528268,1,1,2,,0.009380155081387462,,False,True,False,False,False,True,True,25.08370418118954,False,1
566490,ceers-full,78166,CEERS,214.83066053335173,52.8877747325764,529834,1,1,2,,,0.0029335959098332957,False,False,True,False,True,True,True,26.578544709565428,False,1
568695,ceers-full,63478,CEERS,214.8400401322637,52.86065052801385,531932,1,1,2,,0.01613930077366118,,False,True,False,False,True,True,True,25.537537605154835,False,1
569893,ceers-full,55163,CEERS,214.84548734454668,52.84828116456623,533067,1,1,2,,0.005803643865914367,,False,True,False,False,False,True,True,25.926023873414973,False,1
575904,ceers-full,51045,CEERS,214.86965470949053,52.85561016269081,538752,1,1,2,,0.007936971782469193,,False,True,False,False,False,True,True,26.41966027667957,False,1
577548,ceers-full,60925,CEERS,214.8761439086176,52.88083153718594,540307,1,1,2,0.010877390361061758,0.024952561485145748,0.024439715095527698,True,True,True,True,True,True,True,25.877239542754666,False,3
578604,ceers-full,29185,CEERS,214.88017666222984,52.81256424456366,541303,1,1,1,,0.019211537532256,,False,True,False,False,True,True,True,25.240637120193863,False,1
580427,ceers-full,45873,CEERS,214.8867923313792,52.85538114310341,543041,1,1,3,0.002251545318807364,0.02079905082147877,0.002251579535083003,True,True,True,True,True,True,True,24.832962503447206,False,3
580499,ceers-full,41679,CEERS,214.88712440185887,52.845376940781044,543108,1,1,4,,,0.0030981911006696446,False,False,True,False,True,True,True,25.670120538965303,False,1
582061,ceers-full,53527,CEERS,214.89224285864432,52.877409803779095,544595,1,1,2,0.010882400935089288,0.027892253632736817,0.007835462504043196,True,True,True,True,True,True,True,24.184025012716724,False,3
582122,ceers-full,44889,CEERS,214.89247943623846,52.85689047675586,544650,1,1,3,0.0013280018132092503,0.017052644730142875,0.0013280018132092503,True,True,True,True,True,True,True,25.719589691594102,False,3
583031,ceers-full,66131,CEERS,214.89554481105398,52.90672157885425,545513,1,1,1,,,0.002782191924556824,False,False,True,False,False,False,False,25.757825254407585,False,1
584284,ceers-full,22050,CEERS,214.89970861897189,52.81284286054932,546688,1,1,1,,,0.02274239457126551,False,False,True,True,True,True,True,25.625490307736612,False,1
589379,ceers-full,72397,CEERS,214.91798769214424,52.93725026268923,551493,1,1,1,,,0.02470511521038697,False,False,True,False,False,True,True,28.61051032491447,False,1
590975,ceers-full,31636,CEERS,214.92414888944103,52.84905031797728,553013,1,1,2,0.0003926625445492751,0.013495889381729204,0.0003926445954531807,True,True,True,True,True,True,True,24.600293436282755,False,3
591417,ceers-full,73652,CEERS,214.92575073836002,52.94566356682464,553423,1,1,1,,0.02432031265804658,0.02020894904990345,False,True,True,True,False,True,True,26.159475505068418,False,2
591916,ceers-full,30759,CEERS,214.9278205439982,52.84999968834927,553896,1,1,1,,0.012305054213285066,,False,True,False,False,True,True,True,26.9174495889515,False,1
592333,ceers-full,46532,CEERS,214.92952129556738,52.88791900602756,554294,1,1,1,0.005811778787971038,,0.005811765081266352,True,False,True,False,True,True,True,26.243509786704124,False,2
597534,ceers-full,74332,CEERS,214.94918820232184,52.96414299435205,559229,2,2,2,,0.021584126208813587,,False,True,False,False,False,False,False,25.99748319657419,True,1
603690,ceers-full,66240,CEERS,214.97244524152558,52.96219188451667,565075,1,1,2,0.008555167481457262,0.011803510880770054,0.008555177244274926,True,True,True,False,True,True,True,26.114857591223778,False,3
604428,ceers-full,48350,CEERS,214.9755285162651,52.92526791329146,565778,1,1,2,0.0009115797348498288,,0.0009115797348498288,True,False,True,False,True,True,True,26.610919990198393,False,2
604497,ceers-full,7491,CEERS,214.97584380676426,52.841950296738126,565845,1,1,1,,0.00768384823344921,,False,True,False,False,False,True,True,27.848498684351597,False,1
606156,ceers-full,60195,CEERS,214.98302640903486,52.956001632315704,567417,1,1,2,0.002175830779704377,0.007899561437322197,0.002175843355137711,True,True,True,True,True,True,True,24.126805016974824,False,3
606709,ceers-full,58886,CEERS,214.98567217390013,52.956230280245926,567952,1,1,1,,0.006211526943604296,,False,True,False,False,False,True,True,25.904358243992,False,1
607094,ceers-full,19938,CEERS,214.9874858022962,52.873115747949726,568313,1,1,2,,0.006809551011761573,,False,True,False,False,False,True,True,26.091133850070126,False,1
607861,ceers-full,40268,CEERS,214.99097764774052,52.91652349593111,569034,1,1,1,0.001777138770197685,,0.0017771446915624536,True,False,True,False,True,True,True,25.376222161811402,False,2
615242,ceers-full,32314,CEERS,215.02207041000383,52.92078606320471,575996,1,1,1,0.000641594226749923,,0.0004929415150043239,True,False,True,True,True,True,True,26.079310831293498,False,2
618550,ceers-full,18848,CEERS,215.0371962722903,52.90671428152801,579112,1,1,1,,0.006462602754177988,,False,True,False,False,False,True,True,25.74526616684587,False,1
624327,ceers-full,25868,CEERS,215.07826029734858,52.948496803812056,584578,1,1,1,0.0034184739171722505,0.01026808308745705,0.0034184739171722505,True,True,True,False,True,True,True,26.45267894838102,False,3
628553,ceers-full,6342,CEERS,215.12988381863707,52.94994604459909,588600,1,1,2,,0.018361933199806165,,False,True,False,False,True,True,True,25.98130336246094,False,1
629133,ceers-full,24827,CEERS,215.1370819232807,52.988554568670516,589156,1,1,3,0.0012863429876504141,0.01586367535130046,0.0012863429876504141,True,True,True,False,True,True,True,25.540893492402578,False,3
